{
    "loss": 1.0007994174957275,
    "accuracy": 0.8706896305084229
}