{
    "loss": 0.4616357684135437,
    "accuracy": 0.9655172228813171
}